-- phpMyAdmin SQL Dump
-- version 4.1.14
-- http://www.phpmyadmin.net
--
-- Värd: 127.0.0.1
-- Tid vid skapande: 08 mars 2015 kl 16:17
-- Serverversion: 5.6.17
-- PHP-version: 5.5.12

SET SQL_MODE = "NO_AUTO_VALUE_ON_ZERO";
SET time_zone = "+00:00";


/*!40101 SET @OLD_CHARACTER_SET_CLIENT=@@CHARACTER_SET_CLIENT */;
/*!40101 SET @OLD_CHARACTER_SET_RESULTS=@@CHARACTER_SET_RESULTS */;
/*!40101 SET @OLD_COLLATION_CONNECTION=@@COLLATION_CONNECTION */;
/*!40101 SET NAMES utf8 */;

--
-- Databas: `flashforward`
--

-- --------------------------------------------------------

--
-- Tabellstruktur `replies`
--

CREATE TABLE IF NOT EXISTS `replies` (
  `reply_id` int(8) unsigned NOT NULL AUTO_INCREMENT,
  `topic_id` int(8) unsigned NOT NULL,
  `user_id` int(8) unsigned NOT NULL,
  `comment` text COLLATE utf8_swedish_ci NOT NULL,
  `date_posted` timestamp NOT NULL DEFAULT CURRENT_TIMESTAMP,
  PRIMARY KEY (`reply_id`),
  KEY `topic_id` (`topic_id`)
) ENGINE=InnoDB  DEFAULT CHARSET=utf8 COLLATE=utf8_swedish_ci AUTO_INCREMENT=4 ;

--
-- Dumpning av Data i tabell `replies`
--

INSERT INTO `replies` (`reply_id`, `topic_id`, `user_id`, `comment`, `date_posted`) VALUES
(2, 1, 17, 'HÃ¤r Ã¤r ett svar om singulariteten.', '2015-03-05 20:04:53'),
(3, 1, 11, 'HÃ¤r Ã¤r ett till svar om singulariteten.', '2015-03-05 21:04:21');

-- --------------------------------------------------------

--
-- Tabellstruktur `swedrftghy`
--

CREATE TABLE IF NOT EXISTS `swedrftghy` (
  `date` timestamp NOT NULL DEFAULT CURRENT_TIMESTAMP,
  `wert` int(11) NOT NULL
) ENGINE=InnoDB DEFAULT CHARSET=utf8 COLLATE=utf8_swedish_ci;

--
-- Dumpning av Data i tabell `swedrftghy`
--

INSERT INTO `swedrftghy` (`date`, `wert`) VALUES
('2015-03-02 11:38:47', 234);

-- --------------------------------------------------------

--
-- Tabellstruktur `topics`
--

CREATE TABLE IF NOT EXISTS `topics` (
  `topic_id` int(8) unsigned NOT NULL AUTO_INCREMENT,
  `user_id` int(8) unsigned NOT NULL,
  `title` varchar(128) COLLATE utf8_swedish_ci NOT NULL,
  `url` varchar(255) COLLATE utf8_swedish_ci NOT NULL,
  `content` text COLLATE utf8_swedish_ci NOT NULL,
  `date_posted` timestamp NOT NULL DEFAULT CURRENT_TIMESTAMP,
  PRIMARY KEY (`topic_id`)
) ENGINE=InnoDB  DEFAULT CHARSET=utf8 COLLATE=utf8_swedish_ci AUTO_INCREMENT=5 ;

--
-- Dumpning av Data i tabell `topics`
--

INSERT INTO `topics` (`topic_id`, `user_id`, `title`, `url`, `content`, `date_posted`) VALUES
(1, 9, 'Den kommande singulariteten', 'http://waitbutwhy.com/2015/01/artificial-intelligence-revolution-1.html', 'En blog-post som förklarar lättförståeligt i detalj om den teknologiska singulariteten.', '2015-02-27 23:00:00'),
(2, 8, 'Microsoft lanserar Augmented Reality', 'https://www.youtube.com/watch?v=aThCr0PsyuA', 'Microsoft ger sig in i VR-kriget.', '2015-02-27 23:00:00'),
(3, 8, 'Lever vi i en simulering?', 'http://www.simulation-argument.com/simulation.html', 'En akademisk rapport av Nick Boström', '2015-02-27 23:00:00'),
(4, 17, 'HTC Vive: Virtual Reality Thats So Damn Real I Cant Even Handle It', 'http://gizmodo.com/htc-vive-virtual-reality-so-damn-real-that-i-cant-even-1689396093', 'HTC och Valve lanserar ett nytt headset och en helt ny revolutionerande trackningslÃ¶sning som \r\n\r\nÃ¤r Ã¶ppen fÃ¶r alla fÃ¶retag att anvÃ¤nda.', '2015-03-05 14:28:19');

-- --------------------------------------------------------

--
-- Tabellstruktur `users`
--

CREATE TABLE IF NOT EXISTS `users` (
  `user_id` int(8) unsigned NOT NULL AUTO_INCREMENT,
  `username` varchar(16) COLLATE utf8_swedish_ci NOT NULL,
  `password` varchar(64) COLLATE utf8_swedish_ci NOT NULL,
  `image` varchar(255) COLLATE utf8_swedish_ci DEFAULT NULL,
  `width` int(8) unsigned DEFAULT NULL,
  `height` int(8) unsigned DEFAULT NULL,
  PRIMARY KEY (`user_id`)
) ENGINE=InnoDB  DEFAULT CHARSET=utf8 COLLATE=utf8_swedish_ci AUTO_INCREMENT=18 ;

--
-- Dumpning av Data i tabell `users`
--

INSERT INTO `users` (`user_id`, `username`, `password`, `image`, `width`, `height`) VALUES
(5, 't1000', 't', 'default.png', 774, 1032),
(6, 'luke', 'l', 'default.png', 774, 1032),
(7, 'glados', 'g', 'default.png', 774, 1032),
(8, 'gizmo', 'g', 'default.png', 774, 1032),
(9, 'ed209', 'e', 'ed209-18.jpg', 800, 432),
(10, 'wall-e', 'w', 'default.png', 774, 1032),
(11, 'r2d2', 'r', 'default.png', 774, 1032),
(12, 'c3po', 'c', 'default.png', 774, 1032),
(13, 'sonny', 's', 'default.png', 774, 1032),
(14, 'mr_smith', 'm', 'default.png', 774, 1032),
(15, 'bender', 'b', 'default.png', 774, 1032),
(16, 'hal', 'h', 'iHal.png', 512, 512),
(17, 'robocop', 'r', 'default.png', 774, 1032);

-- --------------------------------------------------------

--
-- Tabellstruktur `votes`
--

CREATE TABLE IF NOT EXISTS `votes` (
  `vote_id` int(16) unsigned NOT NULL AUTO_INCREMENT,
  `topic_id` int(8) unsigned NOT NULL,
  `vote` int(8) NOT NULL DEFAULT '0',
  `user_id` int(8) unsigned NOT NULL,
  `date_voted` timestamp NOT NULL DEFAULT CURRENT_TIMESTAMP,
  PRIMARY KEY (`vote_id`),
  KEY `topic_id` (`topic_id`),
  KEY `user_id` (`user_id`)
) ENGINE=InnoDB  DEFAULT CHARSET=utf8 COLLATE=utf8_swedish_ci AUTO_INCREMENT=10 ;

--
-- Dumpning av Data i tabell `votes`
--

INSERT INTO `votes` (`vote_id`, `topic_id`, `vote`, `user_id`, `date_voted`) VALUES
(1, 1, 1, 9, '2015-03-05 22:53:30'),
(2, 1, -1, 7, '2015-03-06 20:21:40'),
(3, 1, 1, 14, '2015-03-06 18:07:28'),
(4, 2, 1, 8, '2015-03-07 20:14:23'),
(5, 1, 1, 8, '2015-03-07 21:14:33'),
(6, 3, 1, 8, '2015-03-07 22:14:41'),
(7, 3, 1, 16, '2015-03-05 14:03:40');

--
-- Restriktioner för dumpade tabeller
--

--
-- Restriktioner för tabell `replies`
--
ALTER TABLE `replies`
  ADD CONSTRAINT `replies_ibfk_1` FOREIGN KEY (`topic_id`) REFERENCES `topics` (`topic_id`);

--
-- Restriktioner för tabell `votes`
--
ALTER TABLE `votes`
  ADD CONSTRAINT `votes_ibfk_1` FOREIGN KEY (`topic_id`) REFERENCES `topics` (`topic_id`),
  ADD CONSTRAINT `votes_ibfk_2` FOREIGN KEY (`user_id`) REFERENCES `users` (`user_id`);

/*!40101 SET CHARACTER_SET_CLIENT=@OLD_CHARACTER_SET_CLIENT */;
/*!40101 SET CHARACTER_SET_RESULTS=@OLD_CHARACTER_SET_RESULTS */;
/*!40101 SET COLLATION_CONNECTION=@OLD_COLLATION_CONNECTION */;
